{
    "dataframe_path"  : "data/catalog.helios.public.20100101-20160101.pkl",
    "hdf5_path" : "data/hdf5v7_8bit_Jan_2015/2015.01.01.0800.h5",
    "stations": {
        "BND": [40.05192, -88.37309, 230],
        "TBL": [40.12498, -105.23680, 1689],
        "DRA": [36.62373, -116.01947, 1007],
        "FPK": [48.30783, -105.10170, 634],
        "GWN": [34.25470, -89.87290, 98],
        "PSU": [40.72012, -77.93085, 376],
        "SXF": [43.73403, -96.62328, 473]
    }
  
}